path,label
../MHIST/images/MHIST_edl.png,SSA
../MHIST/images/MHIST_cda.png,HP
../MHIST/images/MHIST_cls.png,HP
../MHIST/images/MHIST_aal.png,SSA
../MHIST/images/MHIST_djr.png,SSA
../MHIST/images/MHIST_dkp.png,HP
../MHIST/images/MHIST_amu.png,HP
../MHIST/images/MHIST_cws.png,SSA
../MHIST/images/MHIST_ceg.png,HP
../MHIST/images/MHIST_doe.png,HP
../MHIST/images/MHIST_djx.png,SSA
../MHIST/images/MHIST_doy.png,SSA
../MHIST/images/MHIST_awv.png,HP
../MHIST/images/MHIST_bck.png,HP
../MHIST/images/MHIST_agz.png,HP
../MHIST/images/MHIST_box.png,HP
../MHIST/images/MHIST_abz.png,HP
../MHIST/images/MHIST_dkb.png,HP
../MHIST/images/MHIST_dmv.png,HP
../MHIST/images/MHIST_drr.png,HP
../MHIST/images/MHIST_cli.png,HP
../MHIST/images/MHIST_dpp.png,SSA
../MHIST/images/MHIST_azr.png,HP
../MHIST/images/MHIST_ciz.png,HP
../MHIST/images/MHIST_aei.png,SSA
../MHIST/images/MHIST_cjh.png,HP
../MHIST/images/MHIST_abf.png,HP
../MHIST/images/MHIST_bzd.png,HP
../MHIST/images/MHIST_btp.png,SSA
../MHIST/images/MHIST_bvo.png,HP
../MHIST/images/MHIST_dzb.png,SSA
../MHIST/images/MHIST_akf.png,HP
../MHIST/images/MHIST_chb.png,HP
../MHIST/images/MHIST_aht.png,HP
../MHIST/images/MHIST_cdj.png,HP
../MHIST/images/MHIST_dwq.png,SSA
../MHIST/images/MHIST_dwd.png,HP
../MHIST/images/MHIST_bao.png,SSA
../MHIST/images/MHIST_aoq.png,HP
../MHIST/images/MHIST_dfa.png,HP
../MHIST/images/MHIST_cgl.png,HP
../MHIST/images/MHIST_eev.png,HP
../MHIST/images/MHIST_dwo.png,HP
../MHIST/images/MHIST_dhs.png,SSA
../MHIST/images/MHIST_cko.png,HP
../MHIST/images/MHIST_dsh.png,HP
../MHIST/images/MHIST_drn.png,HP
../MHIST/images/MHIST_cib.png,HP
../MHIST/images/MHIST_cbn.png,HP
../MHIST/images/MHIST_deu.png,HP
../MHIST/images/MHIST_blz.png,HP
../MHIST/images/MHIST_eou.png,HP
../MHIST/images/MHIST_bhz.png,HP
../MHIST/images/MHIST_ceh.png,HP
../MHIST/images/MHIST_bop.png,SSA
../MHIST/images/MHIST_eky.png,SSA
../MHIST/images/MHIST_cga.png,HP
../MHIST/images/MHIST_aig.png,HP
../MHIST/images/MHIST_edz.png,HP
../MHIST/images/MHIST_adm.png,HP
../MHIST/images/MHIST_aax.png,HP
../MHIST/images/MHIST_cdg.png,HP
../MHIST/images/MHIST_awr.png,HP
../MHIST/images/MHIST_dap.png,HP
../MHIST/images/MHIST_ebi.png,HP
../MHIST/images/MHIST_dvg.png,SSA
../MHIST/images/MHIST_brf.png,HP
../MHIST/images/MHIST_bzv.png,HP
../MHIST/images/MHIST_cfb.png,SSA
../MHIST/images/MHIST_adk.png,SSA
../MHIST/images/MHIST_aos.png,HP
../MHIST/images/MHIST_cjm.png,HP
../MHIST/images/MHIST_ahi.png,HP
../MHIST/images/MHIST_cig.png,HP
../MHIST/images/MHIST_aks.png,SSA
../MHIST/images/MHIST_bmq.png,SSA
../MHIST/images/MHIST_ckz.png,HP
../MHIST/images/MHIST_eob.png,HP
../MHIST/images/MHIST_clq.png,HP
../MHIST/images/MHIST_bxs.png,SSA
../MHIST/images/MHIST_bgb.png,SSA
../MHIST/images/MHIST_bxl.png,HP
../MHIST/images/MHIST_dgg.png,HP
../MHIST/images/MHIST_acd.png,HP
../MHIST/images/MHIST_abd.png,HP
../MHIST/images/MHIST_byh.png,SSA
../MHIST/images/MHIST_ccj.png,HP
../MHIST/images/MHIST_cpy.png,SSA
../MHIST/images/MHIST_biq.png,HP
../MHIST/images/MHIST_czl.png,HP
../MHIST/images/MHIST_cug.png,HP
../MHIST/images/MHIST_aml.png,HP
../MHIST/images/MHIST_cff.png,HP
../MHIST/images/MHIST_emn.png,HP
../MHIST/images/MHIST_dpz.png,HP
../MHIST/images/MHIST_ebs.png,HP
../MHIST/images/MHIST_dwy.png,HP
../MHIST/images/MHIST_dch.png,HP
../MHIST/images/MHIST_alq.png,HP
../MHIST/images/MHIST_cit.png,HP
../MHIST/images/MHIST_crk.png,SSA
../MHIST/images/MHIST_dfx.png,HP
../MHIST/images/MHIST_ecp.png,SSA
../MHIST/images/MHIST_agj.png,SSA
../MHIST/images/MHIST_cdv.png,HP
../MHIST/images/MHIST_atw.png,HP
../MHIST/images/MHIST_dnn.png,HP
../MHIST/images/MHIST_avs.png,HP
../MHIST/images/MHIST_bws.png,SSA
../MHIST/images/MHIST_bkf.png,HP
../MHIST/images/MHIST_bpr.png,HP
../MHIST/images/MHIST_bql.png,SSA
../MHIST/images/MHIST_dvj.png,SSA
../MHIST/images/MHIST_djf.png,HP
../MHIST/images/MHIST_eek.png,SSA
../MHIST/images/MHIST_duu.png,HP
../MHIST/images/MHIST_dkt.png,SSA
../MHIST/images/MHIST_aap.png,HP
../MHIST/images/MHIST_auq.png,SSA
../MHIST/images/MHIST_cjz.png,HP
../MHIST/images/MHIST_bpz.png,HP
../MHIST/images/MHIST_cvl.png,HP
../MHIST/images/MHIST_adn.png,HP
../MHIST/images/MHIST_bcy.png,SSA
../MHIST/images/MHIST_bwx.png,SSA
../MHIST/images/MHIST_eor.png,SSA
../MHIST/images/MHIST_dzh.png,HP
../MHIST/images/MHIST_cef.png,HP
../MHIST/images/MHIST_eos.png,HP
../MHIST/images/MHIST_dxh.png,HP
../MHIST/images/MHIST_dlw.png,HP
../MHIST/images/MHIST_dom.png,SSA
../MHIST/images/MHIST_agt.png,HP
../MHIST/images/MHIST_ddv.png,HP
../MHIST/images/MHIST_dkr.png,HP
../MHIST/images/MHIST_eez.png,HP
../MHIST/images/MHIST_axn.png,HP
../MHIST/images/MHIST_emz.png,HP
../MHIST/images/MHIST_cqk.png,HP
../MHIST/images/MHIST_bpc.png,HP
../MHIST/images/MHIST_eom.png,HP
../MHIST/images/MHIST_azm.png,SSA
../MHIST/images/MHIST_eci.png,HP
../MHIST/images/MHIST_dyy.png,SSA
../MHIST/images/MHIST_bcl.png,SSA
../MHIST/images/MHIST_boi.png,SSA
../MHIST/images/MHIST_ebr.png,HP
../MHIST/images/MHIST_csz.png,HP
../MHIST/images/MHIST_bch.png,HP
../MHIST/images/MHIST_bns.png,HP
../MHIST/images/MHIST_cvr.png,HP
../MHIST/images/MHIST_bab.png,HP
../MHIST/images/MHIST_ajj.png,HP
../MHIST/images/MHIST_dvn.png,HP
../MHIST/images/MHIST_cbr.png,HP
../MHIST/images/MHIST_dzi.png,HP
../MHIST/images/MHIST_dms.png,SSA
../MHIST/images/MHIST_bct.png,HP
../MHIST/images/MHIST_dyu.png,HP
../MHIST/images/MHIST_ehx.png,HP
../MHIST/images/MHIST_cos.png,HP
../MHIST/images/MHIST_day.png,HP
../MHIST/images/MHIST_cup.png,SSA
../MHIST/images/MHIST_cwt.png,SSA
../MHIST/images/MHIST_bbz.png,HP
../MHIST/images/MHIST_ekb.png,HP
../MHIST/images/MHIST_beo.png,SSA
../MHIST/images/MHIST_cse.png,SSA
../MHIST/images/MHIST_aby.png,HP
../MHIST/images/MHIST_bbg.png,SSA
../MHIST/images/MHIST_eok.png,HP
../MHIST/images/MHIST_awe.png,HP
../MHIST/images/MHIST_bdp.png,SSA
../MHIST/images/MHIST_dkm.png,HP
../MHIST/images/MHIST_djm.png,HP
../MHIST/images/MHIST_ejt.png,HP
../MHIST/images/MHIST_bzk.png,SSA
../MHIST/images/MHIST_ejv.png,SSA
../MHIST/images/MHIST_doh.png,SSA
../MHIST/images/MHIST_chy.png,HP
../MHIST/images/MHIST_bfe.png,HP
../MHIST/images/MHIST_dfg.png,SSA
../MHIST/images/MHIST_dqm.png,HP
../MHIST/images/MHIST_abu.png,HP
../MHIST/images/MHIST_dqa.png,HP
../MHIST/images/MHIST_ekw.png,HP
../MHIST/images/MHIST_amr.png,HP
../MHIST/images/MHIST_dzk.png,SSA
../MHIST/images/MHIST_czj.png,HP
../MHIST/images/MHIST_are.png,HP
../MHIST/images/MHIST_ejn.png,SSA
../MHIST/images/MHIST_aja.png,HP
../MHIST/images/MHIST_bmf.png,HP
../MHIST/images/MHIST_bqo.png,HP
../MHIST/images/MHIST_bhk.png,HP
../MHIST/images/MHIST_cwv.png,HP
../MHIST/images/MHIST_bah.png,HP
../MHIST/images/MHIST_agl.png,HP
../MHIST/images/MHIST_eix.png,HP
../MHIST/images/MHIST_dcy.png,HP
../MHIST/images/MHIST_chx.png,HP
../MHIST/images/MHIST_abi.png,SSA
../MHIST/images/MHIST_abp.png,HP
../MHIST/images/MHIST_dky.png,HP
../MHIST/images/MHIST_bib.png,SSA
../MHIST/images/MHIST_dbz.png,SSA
../MHIST/images/MHIST_ctv.png,HP
../MHIST/images/MHIST_ded.png,HP
../MHIST/images/MHIST_dip.png,HP
../MHIST/images/MHIST_csm.png,HP
../MHIST/images/MHIST_erc.png,SSA
../MHIST/images/MHIST_dnt.png,HP
../MHIST/images/MHIST_aku.png,HP
../MHIST/images/MHIST_cux.png,HP
../MHIST/images/MHIST_buk.png,SSA
../MHIST/images/MHIST_cqd.png,HP
../MHIST/images/MHIST_dcu.png,HP
../MHIST/images/MHIST_bsv.png,HP
../MHIST/images/MHIST_deq.png,SSA
../MHIST/images/MHIST_cwq.png,SSA
../MHIST/images/MHIST_dxx.png,HP
../MHIST/images/MHIST_cxl.png,HP
../MHIST/images/MHIST_cjf.png,SSA
../MHIST/images/MHIST_cnz.png,SSA
../MHIST/images/MHIST_aqp.png,SSA
../MHIST/images/MHIST_cak.png,HP
../MHIST/images/MHIST_cba.png,HP
../MHIST/images/MHIST_due.png,SSA
../MHIST/images/MHIST_aoj.png,SSA
../MHIST/images/MHIST_cmv.png,HP
../MHIST/images/MHIST_cxi.png,HP
../MHIST/images/MHIST_eck.png,SSA
../MHIST/images/MHIST_arv.png,HP
../MHIST/images/MHIST_eqd.png,HP
../MHIST/images/MHIST_bfq.png,SSA
../MHIST/images/MHIST_cry.png,HP
../MHIST/images/MHIST_ddu.png,SSA
../MHIST/images/MHIST_bra.png,HP
../MHIST/images/MHIST_axo.png,HP
../MHIST/images/MHIST_epm.png,SSA
../MHIST/images/MHIST_bgc.png,SSA
../MHIST/images/MHIST_eoe.png,SSA
../MHIST/images/MHIST_dqx.png,HP
../MHIST/images/MHIST_dvm.png,HP
../MHIST/images/MHIST_ehk.png,SSA
../MHIST/images/MHIST_dis.png,HP
../MHIST/images/MHIST_bjk.png,HP
../MHIST/images/MHIST_diw.png,HP
../MHIST/images/MHIST_bes.png,HP
../MHIST/images/MHIST_ang.png,HP
../MHIST/images/MHIST_cum.png,HP
../MHIST/images/MHIST_dyc.png,HP
../MHIST/images/MHIST_bbh.png,SSA
../MHIST/images/MHIST_coz.png,HP
../MHIST/images/MHIST_ayb.png,HP
../MHIST/images/MHIST_cbo.png,SSA
../MHIST/images/MHIST_ade.png,HP
../MHIST/images/MHIST_dtk.png,HP
../MHIST/images/MHIST_epe.png,HP
../MHIST/images/MHIST_awy.png,HP
../MHIST/images/MHIST_ccz.png,HP
../MHIST/images/MHIST_azp.png,SSA
../MHIST/images/MHIST_efm.png,HP
../MHIST/images/MHIST_dxe.png,SSA
../MHIST/images/MHIST_eax.png,HP
../MHIST/images/MHIST_bfp.png,HP
../MHIST/images/MHIST_bba.png,HP
../MHIST/images/MHIST_boo.png,SSA
../MHIST/images/MHIST_btc.png,HP
../MHIST/images/MHIST_blc.png,SSA
../MHIST/images/MHIST_efq.png,HP
../MHIST/images/MHIST_enn.png,HP
../MHIST/images/MHIST_csy.png,SSA
../MHIST/images/MHIST_boc.png,HP
../MHIST/images/MHIST_bzn.png,SSA
../MHIST/images/MHIST_bju.png,HP
../MHIST/images/MHIST_bts.png,HP
../MHIST/images/MHIST_eqb.png,HP
../MHIST/images/MHIST_bfr.png,HP
../MHIST/images/MHIST_dtu.png,SSA
../MHIST/images/MHIST_atj.png,SSA
../MHIST/images/MHIST_apy.png,HP
../MHIST/images/MHIST_bwo.png,SSA
../MHIST/images/MHIST_dnz.png,HP
../MHIST/images/MHIST_cvi.png,HP
../MHIST/images/MHIST_alb.png,HP
../MHIST/images/MHIST_bdr.png,HP
../MHIST/images/MHIST_bqx.png,HP
../MHIST/images/MHIST_bgf.png,SSA
../MHIST/images/MHIST_dbo.png,HP
../MHIST/images/MHIST_bar.png,HP
../MHIST/images/MHIST_dks.png,HP
../MHIST/images/MHIST_bml.png,HP
../MHIST/images/MHIST_dhq.png,HP
../MHIST/images/MHIST_bsg.png,HP
../MHIST/images/MHIST_dqr.png,SSA
../MHIST/images/MHIST_daw.png,SSA
../MHIST/images/MHIST_dgm.png,HP
../MHIST/images/MHIST_dnk.png,HP
../MHIST/images/MHIST_bkr.png,HP
../MHIST/images/MHIST_dep.png,HP
../MHIST/images/MHIST_dbg.png,HP
../MHIST/images/MHIST_bxp.png,HP
../MHIST/images/MHIST_bos.png,SSA
../MHIST/images/MHIST_bpf.png,SSA
../MHIST/images/MHIST_dex.png,SSA
../MHIST/images/MHIST_egh.png,SSA
../MHIST/images/MHIST_cbc.png,SSA
../MHIST/images/MHIST_bvs.png,HP
../MHIST/images/MHIST_dkc.png,SSA
../MHIST/images/MHIST_cyu.png,SSA
../MHIST/images/MHIST_bqw.png,HP
../MHIST/images/MHIST_adi.png,HP
../MHIST/images/MHIST_cxv.png,HP
../MHIST/images/MHIST_csf.png,HP
../MHIST/images/MHIST_eii.png,SSA
../MHIST/images/MHIST_cdq.png,HP
../MHIST/images/MHIST_cnb.png,SSA
../MHIST/images/MHIST_ccy.png,HP
../MHIST/images/MHIST_ayv.png,SSA
../MHIST/images/MHIST_dxf.png,HP
../MHIST/images/MHIST_axf.png,HP
../MHIST/images/MHIST_bbm.png,SSA
../MHIST/images/MHIST_cuj.png,HP
../MHIST/images/MHIST_aqe.png,HP
../MHIST/images/MHIST_bms.png,SSA
../MHIST/images/MHIST_dpu.png,HP
../MHIST/images/MHIST_dyx.png,HP
../MHIST/images/MHIST_cih.png,HP
../MHIST/images/MHIST_afb.png,HP
../MHIST/images/MHIST_cik.png,HP
../MHIST/images/MHIST_brb.png,SSA
../MHIST/images/MHIST_bnp.png,SSA
../MHIST/images/MHIST_dbj.png,SSA
../MHIST/images/MHIST_bfw.png,SSA
../MHIST/images/MHIST_bii.png,SSA
../MHIST/images/MHIST_ebe.png,HP
../MHIST/images/MHIST_bbw.png,SSA
../MHIST/images/MHIST_dwj.png,HP
../MHIST/images/MHIST_cvh.png,HP
../MHIST/images/MHIST_edq.png,HP
../MHIST/images/MHIST_ecd.png,SSA
../MHIST/images/MHIST_enw.png,HP
../MHIST/images/MHIST_dhi.png,HP
../MHIST/images/MHIST_csr.png,SSA
../MHIST/images/MHIST_eia.png,HP
../MHIST/images/MHIST_ekf.png,SSA
../MHIST/images/MHIST_dfw.png,HP
../MHIST/images/MHIST_cfz.png,SSA
../MHIST/images/MHIST_czi.png,HP
../MHIST/images/MHIST_ayu.png,HP
../MHIST/images/MHIST_dtw.png,HP
../MHIST/images/MHIST_efu.png,SSA
../MHIST/images/MHIST_bwp.png,HP
../MHIST/images/MHIST_ent.png,HP
../MHIST/images/MHIST_cpv.png,HP
../MHIST/images/MHIST_cym.png,HP
../MHIST/images/MHIST_civ.png,HP
../MHIST/images/MHIST_ely.png,HP
../MHIST/images/MHIST_apb.png,HP
../MHIST/images/MHIST_cka.png,HP
../MHIST/images/MHIST_eml.png,HP
../MHIST/images/MHIST_aou.png,HP
../MHIST/images/MHIST_dsm.png,SSA
../MHIST/images/MHIST_cst.png,SSA
../MHIST/images/MHIST_apl.png,HP
../MHIST/images/MHIST_aru.png,HP
../MHIST/images/MHIST_eoj.png,HP
../MHIST/images/MHIST_cxm.png,HP
../MHIST/images/MHIST_afk.png,HP
../MHIST/images/MHIST_axt.png,HP
../MHIST/images/MHIST_aav.png,HP
../MHIST/images/MHIST_cpp.png,HP
../MHIST/images/MHIST_afh.png,HP
../MHIST/images/MHIST_aey.png,HP
../MHIST/images/MHIST_dlv.png,HP
../MHIST/images/MHIST_awc.png,HP
../MHIST/images/MHIST_cdt.png,HP
../MHIST/images/MHIST_bfu.png,SSA
../MHIST/images/MHIST_bdu.png,HP
../MHIST/images/MHIST_bdm.png,HP
../MHIST/images/MHIST_bsl.png,HP
../MHIST/images/MHIST_aan.png,SSA
../MHIST/images/MHIST_cxt.png,HP
../MHIST/images/MHIST_csl.png,HP
../MHIST/images/MHIST_apw.png,HP
../MHIST/images/MHIST_ajb.png,HP
../MHIST/images/MHIST_cfe.png,HP
../MHIST/images/MHIST_aum.png,HP
../MHIST/images/MHIST_bft.png,SSA
../MHIST/images/MHIST_bvg.png,SSA
../MHIST/images/MHIST_eof.png,HP
../MHIST/images/MHIST_ach.png,HP
../MHIST/images/MHIST_eqr.png,HP
../MHIST/images/MHIST_cfr.png,HP
../MHIST/images/MHIST_enh.png,HP
../MHIST/images/MHIST_dct.png,HP
../MHIST/images/MHIST_bjb.png,HP
../MHIST/images/MHIST_erf.png,HP
../MHIST/images/MHIST_bjg.png,HP
../MHIST/images/MHIST_eeg.png,HP
../MHIST/images/MHIST_chz.png,SSA
../MHIST/images/MHIST_bgh.png,SSA
../MHIST/images/MHIST_akb.png,HP
../MHIST/images/MHIST_acm.png,SSA
../MHIST/images/MHIST_cec.png,HP
../MHIST/images/MHIST_drb.png,SSA
../MHIST/images/MHIST_eks.png,HP
../MHIST/images/MHIST_aqa.png,HP
../MHIST/images/MHIST_eec.png,SSA
../MHIST/images/MHIST_cpw.png,SSA
../MHIST/images/MHIST_bhd.png,HP
../MHIST/images/MHIST_blp.png,HP
../MHIST/images/MHIST_dgy.png,HP
../MHIST/images/MHIST_bjy.png,HP
../MHIST/images/MHIST_cfh.png,HP
../MHIST/images/MHIST_edo.png,SSA
../MHIST/images/MHIST_eaz.png,HP
../MHIST/images/MHIST_aic.png,HP
../MHIST/images/MHIST_ejh.png,SSA
../MHIST/images/MHIST_ebn.png,HP
../MHIST/images/MHIST_axx.png,HP
../MHIST/images/MHIST_efb.png,SSA
../MHIST/images/MHIST_asv.png,HP
../MHIST/images/MHIST_dnu.png,HP
../MHIST/images/MHIST_bfl.png,HP
../MHIST/images/MHIST_dlk.png,HP
../MHIST/images/MHIST_dof.png,HP
../MHIST/images/MHIST_cgq.png,HP
../MHIST/images/MHIST_duc.png,HP
../MHIST/images/MHIST_boj.png,HP
../MHIST/images/MHIST_dqw.png,HP
../MHIST/images/MHIST_acf.png,SSA
../MHIST/images/MHIST_dhr.png,SSA
../MHIST/images/MHIST_bhw.png,SSA
../MHIST/images/MHIST_dsa.png,SSA
../MHIST/images/MHIST_adv.png,HP
../MHIST/images/MHIST_buu.png,HP
../MHIST/images/MHIST_dzo.png,HP
../MHIST/images/MHIST_dcn.png,HP
../MHIST/images/MHIST_dqp.png,HP
../MHIST/images/MHIST_ajq.png,HP
../MHIST/images/MHIST_aau.png,HP
../MHIST/images/MHIST_bev.png,SSA
../MHIST/images/MHIST_dck.png,HP
../MHIST/images/MHIST_buw.png,HP
../MHIST/images/MHIST_ary.png,HP
../MHIST/images/MHIST_bic.png,HP
../MHIST/images/MHIST_dvw.png,HP
../MHIST/images/MHIST_dyr.png,HP
../MHIST/images/MHIST_dmi.png,SSA
../MHIST/images/MHIST_bvx.png,SSA
../MHIST/images/MHIST_bek.png,HP
../MHIST/images/MHIST_buo.png,SSA
../MHIST/images/MHIST_dzf.png,HP
../MHIST/images/MHIST_ctd.png,HP
../MHIST/images/MHIST_anb.png,HP
../MHIST/images/MHIST_ccv.png,HP
../MHIST/images/MHIST_ams.png,HP
../MHIST/images/MHIST_bkm.png,HP
../MHIST/images/MHIST_brc.png,HP
../MHIST/images/MHIST_bny.png,SSA
../MHIST/images/MHIST_awn.png,SSA
../MHIST/images/MHIST_ayd.png,HP
../MHIST/images/MHIST_amy.png,HP
../MHIST/images/MHIST_ctn.png,HP
../MHIST/images/MHIST_bwb.png,HP
../MHIST/images/MHIST_drg.png,HP
../MHIST/images/MHIST_eji.png,HP
../MHIST/images/MHIST_djk.png,SSA
../MHIST/images/MHIST_dtd.png,HP
../MHIST/images/MHIST_dih.png,SSA
../MHIST/images/MHIST_bgq.png,HP
../MHIST/images/MHIST_alm.png,HP
../MHIST/images/MHIST_dgv.png,HP
../MHIST/images/MHIST_beu.png,SSA
../MHIST/images/MHIST_cex.png,HP
../MHIST/images/MHIST_efe.png,SSA
../MHIST/images/MHIST_asx.png,SSA
../MHIST/images/MHIST_ddy.png,SSA
../MHIST/images/MHIST_amh.png,HP
../MHIST/images/MHIST_bwm.png,HP
../MHIST/images/MHIST_aai.png,HP
../MHIST/images/MHIST_azh.png,HP
../MHIST/images/MHIST_dqu.png,HP
../MHIST/images/MHIST_dlb.png,HP
../MHIST/images/MHIST_aed.png,SSA
../MHIST/images/MHIST_eov.png,SSA
../MHIST/images/MHIST_cqy.png,SSA
../MHIST/images/MHIST_bsq.png,SSA
../MHIST/images/MHIST_cvm.png,HP
../MHIST/images/MHIST_cwu.png,HP
../MHIST/images/MHIST_bkx.png,HP
../MHIST/images/MHIST_cgz.png,SSA
../MHIST/images/MHIST_cjp.png,HP
../MHIST/images/MHIST_dkd.png,SSA
../MHIST/images/MHIST_aza.png,HP
../MHIST/images/MHIST_cke.png,HP
../MHIST/images/MHIST_ayp.png,HP
../MHIST/images/MHIST_eje.png,HP
../MHIST/images/MHIST_cxk.png,HP
../MHIST/images/MHIST_dju.png,HP
../MHIST/images/MHIST_car.png,SSA
../MHIST/images/MHIST_dwv.png,HP
../MHIST/images/MHIST_amp.png,HP
../MHIST/images/MHIST_amx.png,HP
../MHIST/images/MHIST_cqn.png,SSA
../MHIST/images/MHIST_djn.png,SSA
../MHIST/images/MHIST_dvp.png,HP
../MHIST/images/MHIST_aqw.png,HP
../MHIST/images/MHIST_ekl.png,HP
../MHIST/images/MHIST_bki.png,HP
../MHIST/images/MHIST_eip.png,HP
../MHIST/images/MHIST_bfk.png,HP
../MHIST/images/MHIST_ejg.png,HP
../MHIST/images/MHIST_arl.png,HP
../MHIST/images/MHIST_cjx.png,SSA
../MHIST/images/MHIST_dtv.png,SSA
../MHIST/images/MHIST_bbc.png,HP
../MHIST/images/MHIST_dxd.png,HP
../MHIST/images/MHIST_chc.png,HP
../MHIST/images/MHIST_ekp.png,HP
../MHIST/images/MHIST_cpb.png,HP
../MHIST/images/MHIST_aac.png,SSA
../MHIST/images/MHIST_dhh.png,SSA
../MHIST/images/MHIST_ddh.png,HP
../MHIST/images/MHIST_aqx.png,SSA
../MHIST/images/MHIST_btw.png,HP
../MHIST/images/MHIST_csc.png,SSA
../MHIST/images/MHIST_djl.png,HP
../MHIST/images/MHIST_aur.png,HP
../MHIST/images/MHIST_bse.png,SSA
../MHIST/images/MHIST_bso.png,HP
../MHIST/images/MHIST_dau.png,HP
../MHIST/images/MHIST_adz.png,HP
../MHIST/images/MHIST_dty.png,SSA
../MHIST/images/MHIST_ccw.png,HP
../MHIST/images/MHIST_ens.png,HP
../MHIST/images/MHIST_cyw.png,SSA
../MHIST/images/MHIST_cbi.png,HP
../MHIST/images/MHIST_cqh.png,HP
../MHIST/images/MHIST_ejl.png,HP
../MHIST/images/MHIST_bmo.png,HP
../MHIST/images/MHIST_cbt.png,HP
../MHIST/images/MHIST_ati.png,HP
../MHIST/images/MHIST_brk.png,HP
../MHIST/images/MHIST_cuf.png,HP
../MHIST/images/MHIST_abg.png,HP
../MHIST/images/MHIST_dyf.png,HP
../MHIST/images/MHIST_ead.png,HP
../MHIST/images/MHIST_age.png,SSA
../MHIST/images/MHIST_apr.png,HP
../MHIST/images/MHIST_cva.png,HP
../MHIST/images/MHIST_enj.png,HP
../MHIST/images/MHIST_dbw.png,HP
../MHIST/images/MHIST_dkg.png,HP
../MHIST/images/MHIST_bhp.png,HP
../MHIST/images/MHIST_bcj.png,HP
../MHIST/images/MHIST_apd.png,HP
../MHIST/images/MHIST_dxb.png,HP
../MHIST/images/MHIST_cpc.png,SSA
../MHIST/images/MHIST_doq.png,HP
../MHIST/images/MHIST_aio.png,HP
../MHIST/images/MHIST_bgl.png,HP
../MHIST/images/MHIST_avi.png,SSA
../MHIST/images/MHIST_cgv.png,HP
../MHIST/images/MHIST_bau.png,HP
../MHIST/images/MHIST_eoz.png,HP
../MHIST/images/MHIST_bbv.png,HP
../MHIST/images/MHIST_ags.png,SSA
../MHIST/images/MHIST_dho.png,SSA
../MHIST/images/MHIST_cpg.png,SSA
../MHIST/images/MHIST_awp.png,HP
../MHIST/images/MHIST_dph.png,HP
../MHIST/images/MHIST_dli.png,HP
../MHIST/images/MHIST_bit.png,SSA
../MHIST/images/MHIST_bik.png,HP
../MHIST/images/MHIST_bqu.png,HP
../MHIST/images/MHIST_bwn.png,HP
../MHIST/images/MHIST_cwd.png,HP
../MHIST/images/MHIST_bmb.png,SSA
../MHIST/images/MHIST_bzc.png,SSA
../MHIST/images/MHIST_dud.png,HP
../MHIST/images/MHIST_dpr.png,HP
../MHIST/images/MHIST_clj.png,HP
../MHIST/images/MHIST_baq.png,HP
../MHIST/images/MHIST_bwq.png,HP
../MHIST/images/MHIST_coa.png,HP
../MHIST/images/MHIST_awf.png,HP
../MHIST/images/MHIST_dsz.png,HP
../MHIST/images/MHIST_ani.png,HP
../MHIST/images/MHIST_eep.png,HP
../MHIST/images/MHIST_dqd.png,HP
../MHIST/images/MHIST_cip.png,HP
../MHIST/images/MHIST_dsn.png,HP
../MHIST/images/MHIST_bbo.png,HP
../MHIST/images/MHIST_cpl.png,HP
../MHIST/images/MHIST_enk.png,SSA
../MHIST/images/MHIST_eld.png,SSA
../MHIST/images/MHIST_aqs.png,SSA
../MHIST/images/MHIST_enb.png,HP
../MHIST/images/MHIST_avj.png,HP
../MHIST/images/MHIST_bzf.png,SSA
../MHIST/images/MHIST_ckc.png,SSA
../MHIST/images/MHIST_eql.png,HP
../MHIST/images/MHIST_bsi.png,HP
../MHIST/images/MHIST_ari.png,HP
../MHIST/images/MHIST_aaw.png,HP
../MHIST/images/MHIST_ehi.png,HP
../MHIST/images/MHIST_agg.png,HP
../MHIST/images/MHIST_dsu.png,HP
../MHIST/images/MHIST_bup.png,SSA
../MHIST/images/MHIST_cnv.png,SSA
../MHIST/images/MHIST_ark.png,HP
../MHIST/images/MHIST_acz.png,HP
../MHIST/images/MHIST_drw.png,HP
../MHIST/images/MHIST_edk.png,HP
../MHIST/images/MHIST_adb.png,HP
../MHIST/images/MHIST_bde.png,HP
../MHIST/images/MHIST_das.png,HP
../MHIST/images/MHIST_bhb.png,HP
../MHIST/images/MHIST_bkw.png,HP
../MHIST/images/MHIST_abn.png,HP
../MHIST/images/MHIST_ael.png,HP
../MHIST/images/MHIST_azc.png,HP
../MHIST/images/MHIST_cah.png,HP
../MHIST/images/MHIST_cul.png,HP
../MHIST/images/MHIST_dwz.png,HP
../MHIST/images/MHIST_efa.png,SSA
../MHIST/images/MHIST_byo.png,HP
../MHIST/images/MHIST_cvg.png,HP
../MHIST/images/MHIST_cjg.png,HP
../MHIST/images/MHIST_eau.png,SSA
../MHIST/images/MHIST_cvo.png,SSA
../MHIST/images/MHIST_dkv.png,HP
../MHIST/images/MHIST_afw.png,HP
../MHIST/images/MHIST_bvm.png,HP
../MHIST/images/MHIST_dpf.png,HP
../MHIST/images/MHIST_dco.png,SSA
../MHIST/images/MHIST_dka.png,HP
../MHIST/images/MHIST_bor.png,SSA
../MHIST/images/MHIST_bei.png,SSA
../MHIST/images/MHIST_dpv.png,HP
../MHIST/images/MHIST_ere.png,HP
../MHIST/images/MHIST_czz.png,HP
../MHIST/images/MHIST_djo.png,HP
../MHIST/images/MHIST_aph.png,HP
../MHIST/images/MHIST_dqt.png,SSA
../MHIST/images/MHIST_bcu.png,HP
../MHIST/images/MHIST_afy.png,HP
../MHIST/images/MHIST_afl.png,HP
../MHIST/images/MHIST_ekd.png,HP
../MHIST/images/MHIST_cml.png,SSA
../MHIST/images/MHIST_eko.png,HP
../MHIST/images/MHIST_ddz.png,HP
../MHIST/images/MHIST_bng.png,HP
../MHIST/images/MHIST_cta.png,HP
../MHIST/images/MHIST_bou.png,HP
../MHIST/images/MHIST_bdf.png,HP
../MHIST/images/MHIST_cwm.png,HP
../MHIST/images/MHIST_bnj.png,SSA
../MHIST/images/MHIST_abk.png,HP
../MHIST/images/MHIST_cvx.png,SSA
../MHIST/images/MHIST_bwu.png,SSA
../MHIST/images/MHIST_ahm.png,HP
../MHIST/images/MHIST_clv.png,HP
../MHIST/images/MHIST_cyx.png,SSA
../MHIST/images/MHIST_dlo.png,HP
../MHIST/images/MHIST_eqk.png,HP
../MHIST/images/MHIST_ast.png,HP
../MHIST/images/MHIST_dke.png,HP
../MHIST/images/MHIST_asq.png,HP
../MHIST/images/MHIST_auf.png,HP
../MHIST/images/MHIST_bvh.png,SSA
../MHIST/images/MHIST_aaa.png,SSA
../MHIST/images/MHIST_ayo.png,SSA
../MHIST/images/MHIST_cph.png,SSA
../MHIST/images/MHIST_aoh.png,SSA
../MHIST/images/MHIST_aqu.png,HP
../MHIST/images/MHIST_bgn.png,HP
../MHIST/images/MHIST_efp.png,HP
../MHIST/images/MHIST_dci.png,HP
../MHIST/images/MHIST_byy.png,SSA
../MHIST/images/MHIST_bsp.png,HP
../MHIST/images/MHIST_cfk.png,SSA
../MHIST/images/MHIST_cty.png,SSA
../MHIST/images/MHIST_atp.png,HP
../MHIST/images/MHIST_bpv.png,HP
../MHIST/images/MHIST_acs.png,HP
../MHIST/images/MHIST_egm.png,HP
../MHIST/images/MHIST_amb.png,HP
../MHIST/images/MHIST_cgc.png,HP
../MHIST/images/MHIST_agq.png,HP
../MHIST/images/MHIST_dsk.png,SSA
../MHIST/images/MHIST_cix.png,SSA
../MHIST/images/MHIST_dgb.png,HP
../MHIST/images/MHIST_cuw.png,SSA
../MHIST/images/MHIST_bxr.png,SSA
../MHIST/images/MHIST_dfh.png,HP
../MHIST/images/MHIST_ejy.png,HP
../MHIST/images/MHIST_bgw.png,HP
../MHIST/images/MHIST_avn.png,HP
../MHIST/images/MHIST_dhd.png,HP
../MHIST/images/MHIST_cer.png,HP
../MHIST/images/MHIST_cju.png,HP
../MHIST/images/MHIST_cnw.png,SSA
../MHIST/images/MHIST_bbb.png,HP
../MHIST/images/MHIST_ean.png,HP
../MHIST/images/MHIST_bnk.png,SSA
../MHIST/images/MHIST_abh.png,SSA
../MHIST/images/MHIST_bia.png,HP
../MHIST/images/MHIST_aoe.png,HP
../MHIST/images/MHIST_cyc.png,HP
../MHIST/images/MHIST_bjo.png,HP
../MHIST/images/MHIST_dya.png,HP
../MHIST/images/MHIST_dyj.png,HP
../MHIST/images/MHIST_ekz.png,HP
../MHIST/images/MHIST_asy.png,HP
../MHIST/images/MHIST_bxe.png,SSA
../MHIST/images/MHIST_aga.png,HP
../MHIST/images/MHIST_aak.png,HP
../MHIST/images/MHIST_btv.png,HP
../MHIST/images/MHIST_abt.png,SSA
../MHIST/images/MHIST_bwl.png,SSA
../MHIST/images/MHIST_egs.png,HP
../MHIST/images/MHIST_epw.png,HP
../MHIST/images/MHIST_cuz.png,HP
../MHIST/images/MHIST_dqq.png,SSA
../MHIST/images/MHIST_elz.png,HP
../MHIST/images/MHIST_axy.png,HP
../MHIST/images/MHIST_dle.png,HP
../MHIST/images/MHIST_epz.png,HP
../MHIST/images/MHIST_cya.png,HP
../MHIST/images/MHIST_awt.png,HP
../MHIST/images/MHIST_acj.png,HP
../MHIST/images/MHIST_dym.png,HP
../MHIST/images/MHIST_bmj.png,HP
../MHIST/images/MHIST_aor.png,SSA
../MHIST/images/MHIST_cac.png,SSA
../MHIST/images/MHIST_eft.png,HP
../MHIST/images/MHIST_bzq.png,HP
../MHIST/images/MHIST_bih.png,SSA
../MHIST/images/MHIST_diy.png,SSA
../MHIST/images/MHIST_eei.png,HP
../MHIST/images/MHIST_chn.png,SSA
../MHIST/images/MHIST_bxb.png,SSA
../MHIST/images/MHIST_atg.png,HP
../MHIST/images/MHIST_dpk.png,HP
../MHIST/images/MHIST_czo.png,HP
../MHIST/images/MHIST_agp.png,HP
../MHIST/images/MHIST_adf.png,HP
../MHIST/images/MHIST_btj.png,HP
../MHIST/images/MHIST_dte.png,SSA
../MHIST/images/MHIST_cyt.png,SSA
../MHIST/images/MHIST_dkj.png,SSA
../MHIST/images/MHIST_ejw.png,HP
../MHIST/images/MHIST_cqg.png,SSA
../MHIST/images/MHIST_dwl.png,HP
../MHIST/images/MHIST_bob.png,HP
../MHIST/images/MHIST_arj.png,HP
../MHIST/images/MHIST_aid.png,HP
../MHIST/images/MHIST_bjv.png,HP
../MHIST/images/MHIST_aiw.png,HP
../MHIST/images/MHIST_aln.png,SSA
../MHIST/images/MHIST_bxq.png,SSA
../MHIST/images/MHIST_bsx.png,SSA
../MHIST/images/MHIST_cwh.png,SSA
../MHIST/images/MHIST_cvt.png,SSA
../MHIST/images/MHIST_ega.png,HP
../MHIST/images/MHIST_cnf.png,HP
../MHIST/images/MHIST_aov.png,HP
../MHIST/images/MHIST_epy.png,SSA
../MHIST/images/MHIST_ass.png,HP
../MHIST/images/MHIST_ada.png,SSA
../MHIST/images/MHIST_bnz.png,HP
../MHIST/images/MHIST_aqo.png,HP
../MHIST/images/MHIST_atz.png,HP
../MHIST/images/MHIST_cri.png,HP
../MHIST/images/MHIST_alu.png,HP
../MHIST/images/MHIST_czt.png,HP
../MHIST/images/MHIST_ebv.png,HP
../MHIST/images/MHIST_cnu.png,SSA
../MHIST/images/MHIST_art.png,HP
../MHIST/images/MHIST_aws.png,HP
../MHIST/images/MHIST_asp.png,HP
../MHIST/images/MHIST_bll.png,HP
../MHIST/images/MHIST_alh.png,HP
../MHIST/images/MHIST_cut.png,HP
../MHIST/images/MHIST_dlh.png,HP
../MHIST/images/MHIST_bym.png,SSA
../MHIST/images/MHIST_aiy.png,HP
../MHIST/images/MHIST_aix.png,HP
../MHIST/images/MHIST_ahh.png,SSA
../MHIST/images/MHIST_die.png,HP
../MHIST/images/MHIST_ahv.png,HP
../MHIST/images/MHIST_cmj.png,SSA
../MHIST/images/MHIST_ejf.png,SSA
../MHIST/images/MHIST_cif.png,HP
../MHIST/images/MHIST_avt.png,HP
../MHIST/images/MHIST_cil.png,HP
../MHIST/images/MHIST_ebg.png,HP
../MHIST/images/MHIST_dcm.png,SSA
../MHIST/images/MHIST_ajk.png,SSA
../MHIST/images/MHIST_cen.png,HP
../MHIST/images/MHIST_eca.png,HP
../MHIST/images/MHIST_api.png,HP
../MHIST/images/MHIST_cbz.png,HP
../MHIST/images/MHIST_aof.png,HP
../MHIST/images/MHIST_agx.png,HP
../MHIST/images/MHIST_dai.png,HP
../MHIST/images/MHIST_awx.png,HP
../MHIST/images/MHIST_dbv.png,HP
../MHIST/images/MHIST_cly.png,HP
../MHIST/images/MHIST_dzp.png,HP
../MHIST/images/MHIST_bua.png,HP
../MHIST/images/MHIST_elp.png,HP
../MHIST/images/MHIST_eht.png,HP
../MHIST/images/MHIST_ect.png,HP
../MHIST/images/MHIST_ecg.png,HP
../MHIST/images/MHIST_cdc.png,HP
../MHIST/images/MHIST_eih.png,HP
../MHIST/images/MHIST_cfm.png,HP
../MHIST/images/MHIST_aun.png,HP
../MHIST/images/MHIST_dlf.png,SSA
../MHIST/images/MHIST_cpf.png,HP
../MHIST/images/MHIST_bvn.png,SSA
../MHIST/images/MHIST_aab.png,HP
../MHIST/images/MHIST_awd.png,HP
../MHIST/images/MHIST_bfa.png,HP
../MHIST/images/MHIST_ago.png,HP
../MHIST/images/MHIST_eeb.png,HP
../MHIST/images/MHIST_ayn.png,SSA
../MHIST/images/MHIST_ciy.png,HP
../MHIST/images/MHIST_cur.png,HP
../MHIST/images/MHIST_emw.png,SSA
../MHIST/images/MHIST_bcw.png,HP
../MHIST/images/MHIST_afz.png,HP
../MHIST/images/MHIST_afv.png,HP
../MHIST/images/MHIST_eby.png,SSA
../MHIST/images/MHIST_czb.png,SSA
../MHIST/images/MHIST_big.png,SSA
../MHIST/images/MHIST_czp.png,HP
../MHIST/images/MHIST_cbw.png,HP
../MHIST/images/MHIST_dit.png,HP
../MHIST/images/MHIST_ekk.png,HP
../MHIST/images/MHIST_cxz.png,HP
../MHIST/images/MHIST_ama.png,HP
../MHIST/images/MHIST_ehf.png,HP
../MHIST/images/MHIST_cqc.png,SSA
../MHIST/images/MHIST_ahy.png,HP
../MHIST/images/MHIST_djz.png,HP
../MHIST/images/MHIST_cck.png,HP
../MHIST/images/MHIST_eqy.png,SSA
../MHIST/images/MHIST_cch.png,HP
../MHIST/images/MHIST_doa.png,HP
../MHIST/images/MHIST_aas.png,SSA
../MHIST/images/MHIST_abo.png,SSA
../MHIST/images/MHIST_bwr.png,HP
../MHIST/images/MHIST_adt.png,HP
../MHIST/images/MHIST_brm.png,HP
../MHIST/images/MHIST_bai.png,HP
../MHIST/images/MHIST_bjf.png,HP
../MHIST/images/MHIST_cui.png,SSA
../MHIST/images/MHIST_azd.png,HP
../MHIST/images/MHIST_bce.png,SSA
../MHIST/images/MHIST_ars.png,SSA
../MHIST/images/MHIST_dcr.png,HP
../MHIST/images/MHIST_dzt.png,SSA
../MHIST/images/MHIST_eqp.png,SSA
../MHIST/images/MHIST_bqp.png,HP
../MHIST/images/MHIST_caq.png,HP
../MHIST/images/MHIST_cae.png,HP
../MHIST/images/MHIST_dyh.png,HP
../MHIST/images/MHIST_duq.png,SSA
../MHIST/images/MHIST_bls.png,HP
../MHIST/images/MHIST_eae.png,HP
../MHIST/images/MHIST_czw.png,HP
../MHIST/images/MHIST_ccx.png,HP
../MHIST/images/MHIST_edr.png,HP
../MHIST/images/MHIST_dtf.png,HP
../MHIST/images/MHIST_coo.png,HP
../MHIST/images/MHIST_egg.png,HP
../MHIST/images/MHIST_enf.png,HP
../MHIST/images/MHIST_coi.png,HP
../MHIST/images/MHIST_bvy.png,SSA
../MHIST/images/MHIST_edy.png,HP
../MHIST/images/MHIST_cxo.png,HP
../MHIST/images/MHIST_afx.png,HP
../MHIST/images/MHIST_dxy.png,HP
../MHIST/images/MHIST_aok.png,HP
../MHIST/images/MHIST_ask.png,HP
../MHIST/images/MHIST_aef.png,HP
../MHIST/images/MHIST_ajm.png,HP
../MHIST/images/MHIST_cmb.png,HP
../MHIST/images/MHIST_bet.png,HP
../MHIST/images/MHIST_bnx.png,SSA
../MHIST/images/MHIST_dcz.png,SSA
../MHIST/images/MHIST_bhh.png,HP
../MHIST/images/MHIST_cft.png,SSA
../MHIST/images/MHIST_dhp.png,HP
../MHIST/images/MHIST_bla.png,HP
../MHIST/images/MHIST_bhl.png,SSA
../MHIST/images/MHIST_ecu.png,HP
../MHIST/images/MHIST_aya.png,SSA
../MHIST/images/MHIST_ehc.png,SSA
../MHIST/images/MHIST_crn.png,HP
../MHIST/images/MHIST_dnh.png,HP
../MHIST/images/MHIST_cqx.png,SSA
../MHIST/images/MHIST_dxk.png,SSA
../MHIST/images/MHIST_ajf.png,SSA
../MHIST/images/MHIST_asf.png,HP
../MHIST/images/MHIST_bhg.png,HP
../MHIST/images/MHIST_ahk.png,SSA
../MHIST/images/MHIST_bsj.png,SSA
../MHIST/images/MHIST_ayg.png,HP
../MHIST/images/MHIST_dsq.png,HP
../MHIST/images/MHIST_dea.png,HP
../MHIST/images/MHIST_aqn.png,HP
../MHIST/images/MHIST_dxr.png,SSA
../MHIST/images/MHIST_eoy.png,HP
../MHIST/images/MHIST_bqk.png,SSA
../MHIST/images/MHIST_dly.png,HP
../MHIST/images/MHIST_bhj.png,HP
../MHIST/images/MHIST_ads.png,HP
../MHIST/images/MHIST_adl.png,HP
../MHIST/images/MHIST_cay.png,SSA
../MHIST/images/MHIST_azs.png,HP
../MHIST/images/MHIST_eit.png,SSA
../MHIST/images/MHIST_aib.png,HP
../MHIST/images/MHIST_baj.png,HP
../MHIST/images/MHIST_bfm.png,HP
../MHIST/images/MHIST_dhv.png,HP
../MHIST/images/MHIST_bol.png,HP
../MHIST/images/MHIST_dhk.png,HP
../MHIST/images/MHIST_dsf.png,HP
../MHIST/images/MHIST_dre.png,SSA
../MHIST/images/MHIST_aip.png,SSA
../MHIST/images/MHIST_asj.png,HP
../MHIST/images/MHIST_brd.png,HP
../MHIST/images/MHIST_aaj.png,HP
../MHIST/images/MHIST_blh.png,SSA
../MHIST/images/MHIST_dnp.png,SSA
../MHIST/images/MHIST_aen.png,SSA
../MHIST/images/MHIST_ckj.png,HP
../MHIST/images/MHIST_anu.png,HP
../MHIST/images/MHIST_avu.png,HP
../MHIST/images/MHIST_ctq.png,SSA
../MHIST/images/MHIST_byd.png,HP
../MHIST/images/MHIST_dso.png,SSA
../MHIST/images/MHIST_agm.png,HP
../MHIST/images/MHIST_cwg.png,HP
../MHIST/images/MHIST_bkn.png,HP
../MHIST/images/MHIST_egw.png,SSA
../MHIST/images/MHIST_dbq.png,HP
../MHIST/images/MHIST_atv.png,HP
../MHIST/images/MHIST_dxp.png,HP
../MHIST/images/MHIST_efo.png,SSA
../MHIST/images/MHIST_bno.png,HP
../MHIST/images/MHIST_dcj.png,HP
../MHIST/images/MHIST_azt.png,HP
../MHIST/images/MHIST_ekt.png,HP
../MHIST/images/MHIST_arh.png,HP
../MHIST/images/MHIST_eim.png,HP
../MHIST/images/MHIST_dff.png,HP
../MHIST/images/MHIST_amc.png,HP
../MHIST/images/MHIST_aci.png,HP
../MHIST/images/MHIST_cop.png,HP
../MHIST/images/MHIST_atf.png,HP
../MHIST/images/MHIST_ebp.png,SSA
../MHIST/images/MHIST_dcl.png,HP
../MHIST/images/MHIST_dbs.png,SSA
../MHIST/images/MHIST_eav.png,SSA
../MHIST/images/MHIST_cxb.png,HP
../MHIST/images/MHIST_aiq.png,SSA
../MHIST/images/MHIST_bwj.png,HP
../MHIST/images/MHIST_cfg.png,SSA
../MHIST/images/MHIST_clw.png,SSA
../MHIST/images/MHIST_axh.png,SSA
../MHIST/images/MHIST_axl.png,HP
../MHIST/images/MHIST_ecm.png,HP
../MHIST/images/MHIST_egk.png,SSA
../MHIST/images/MHIST_eka.png,HP
../MHIST/images/MHIST_edc.png,HP
../MHIST/images/MHIST_auz.png,HP
../MHIST/images/MHIST_cav.png,HP
../MHIST/images/MHIST_dmu.png,HP
../MHIST/images/MHIST_bdz.png,HP
../MHIST/images/MHIST_bha.png,HP
../MHIST/images/MHIST_crp.png,SSA
../MHIST/images/MHIST_abq.png,HP
../MHIST/images/MHIST_afr.png,HP
../MHIST/images/MHIST_dpm.png,HP
../MHIST/images/MHIST_eab.png,SSA
../MHIST/images/MHIST_byj.png,HP
../MHIST/images/MHIST_ebz.png,SSA
../MHIST/images/MHIST_bui.png,HP
../MHIST/images/MHIST_cuv.png,SSA
../MHIST/images/MHIST_cno.png,HP
../MHIST/images/MHIST_cii.png,HP
../MHIST/images/MHIST_eqs.png,HP
../MHIST/images/MHIST_egj.png,HP
../MHIST/images/MHIST_ayj.png,HP
../MHIST/images/MHIST_cmu.png,HP
../MHIST/images/MHIST_cxn.png,HP
../MHIST/images/MHIST_epg.png,HP
../MHIST/images/MHIST_dri.png,HP
../MHIST/images/MHIST_ahp.png,HP
../MHIST/images/MHIST_erb.png,HP
../MHIST/images/MHIST_djy.png,HP
../MHIST/images/MHIST_cdz.png,SSA
../MHIST/images/MHIST_egu.png,HP
../MHIST/images/MHIST_dcb.png,HP
../MHIST/images/MHIST_czm.png,HP
../MHIST/images/MHIST_csx.png,HP
../MHIST/images/MHIST_dkn.png,SSA
../MHIST/images/MHIST_czq.png,HP
../MHIST/images/MHIST_cfw.png,HP
../MHIST/images/MHIST_beb.png,HP
../MHIST/images/MHIST_dno.png,HP
../MHIST/images/MHIST_asz.png,HP
../MHIST/images/MHIST_dot.png,HP
../MHIST/images/MHIST_bhf.png,HP
../MHIST/images/MHIST_afe.png,HP
../MHIST/images/MHIST_bqq.png,HP
../MHIST/images/MHIST_ddw.png,SSA
../MHIST/images/MHIST_bgd.png,HP
../MHIST/images/MHIST_cof.png,HP
../MHIST/images/MHIST_cpa.png,HP
../MHIST/images/MHIST_drf.png,SSA
../MHIST/images/MHIST_aao.png,HP
../MHIST/images/MHIST_apo.png,HP
../MHIST/images/MHIST_ejx.png,HP
../MHIST/images/MHIST_ajh.png,HP
../MHIST/images/MHIST_djq.png,HP
../MHIST/images/MHIST_bpq.png,HP
../MHIST/images/MHIST_ctz.png,HP
../MHIST/images/MHIST_azv.png,HP
../MHIST/images/MHIST_bmr.png,HP
../MHIST/images/MHIST_bkd.png,SSA
../MHIST/images/MHIST_cyh.png,HP
../MHIST/images/MHIST_cuc.png,HP
../MHIST/images/MHIST_dcw.png,HP
../MHIST/images/MHIST_cnl.png,HP
../MHIST/images/MHIST_awl.png,HP
../MHIST/images/MHIST_bow.png,SSA
../MHIST/images/MHIST_atl.png,HP
../MHIST/images/MHIST_ejs.png,SSA
../MHIST/images/MHIST_bji.png,SSA
../MHIST/images/MHIST_dhb.png,SSA
../MHIST/images/MHIST_cwe.png,HP
../MHIST/images/MHIST_eed.png,HP
../MHIST/images/MHIST_emh.png,HP
../MHIST/images/MHIST_dcs.png,HP
../MHIST/images/MHIST_dyq.png,SSA
../MHIST/images/MHIST_bsn.png,HP
../MHIST/images/MHIST_cgy.png,HP
../MHIST/images/MHIST_epu.png,HP
../MHIST/images/MHIST_bxn.png,HP
../MHIST/images/MHIST_bzt.png,HP
../MHIST/images/MHIST_agv.png,HP
../MHIST/images/MHIST_dvx.png,HP
../MHIST/images/MHIST_bst.png,HP
../MHIST/images/MHIST_dla.png,HP
../MHIST/images/MHIST_brj.png,HP
../MHIST/images/MHIST_bxt.png,HP
../MHIST/images/MHIST_arz.png,HP
../MHIST/images/MHIST_blt.png,SSA
../MHIST/images/MHIST_bli.png,HP
../MHIST/images/MHIST_deh.png,SSA
../MHIST/images/MHIST_bzb.png,HP
../MHIST/images/MHIST_dii.png,SSA
../MHIST/images/MHIST_akj.png,HP
../MHIST/images/MHIST_csv.png,HP
../MHIST/images/MHIST_eiu.png,SSA
../MHIST/images/MHIST_egt.png,HP
../MHIST/images/MHIST_ehy.png,HP
../MHIST/images/MHIST_cwp.png,HP
../MHIST/images/MHIST_duj.png,HP
../MHIST/images/MHIST_act.png,HP
../MHIST/images/MHIST_bkg.png,SSA
../MHIST/images/MHIST_bam.png,SSA
../MHIST/images/MHIST_eph.png,SSA
../MHIST/images/MHIST_bvi.png,HP
../MHIST/images/MHIST_crr.png,HP
../MHIST/images/MHIST_cgm.png,HP
../MHIST/images/MHIST_abj.png,HP
../MHIST/images/MHIST_dyi.png,HP
../MHIST/images/MHIST_dmg.png,SSA
../MHIST/images/MHIST_apj.png,HP
../MHIST/images/MHIST_egx.png,HP
../MHIST/images/MHIST_adw.png,HP
../MHIST/images/MHIST_agf.png,SSA
../MHIST/images/MHIST_ebb.png,HP
../MHIST/images/MHIST_eoi.png,HP
../MHIST/images/MHIST_azg.png,HP
../MHIST/images/MHIST_cud.png,HP
../MHIST/images/MHIST_dql.png,HP
../MHIST/images/MHIST_aca.png,SSA
../MHIST/images/MHIST_bwv.png,HP
../MHIST/images/MHIST_aev.png,HP
../MHIST/images/MHIST_avh.png,SSA
../MHIST/images/MHIST_epr.png,SSA
../MHIST/images/MHIST_bbd.png,SSA
../MHIST/images/MHIST_cby.png,HP
../MHIST/images/MHIST_dzy.png,HP
../MHIST/images/MHIST_dtp.png,HP
../MHIST/images/MHIST_cxs.png,HP
../MHIST/images/MHIST_cjy.png,HP
../MHIST/images/MHIST_bhi.png,HP
../MHIST/images/MHIST_dcd.png,HP
../MHIST/images/MHIST_dmd.png,HP
../MHIST/images/MHIST_bte.png,HP
../MHIST/images/MHIST_djw.png,SSA
../MHIST/images/MHIST_bac.png,HP
../MHIST/images/MHIST_cxg.png,HP
../MHIST/images/MHIST_elq.png,HP
../MHIST/images/MHIST_crz.png,HP
../MHIST/images/MHIST_bma.png,HP
../MHIST/images/MHIST_ced.png,SSA
../MHIST/images/MHIST_bzw.png,SSA
../MHIST/images/MHIST_eas.png,HP
../MHIST/images/MHIST_dwi.png,SSA
../MHIST/images/MHIST_aaf.png,SSA
../MHIST/images/MHIST_cyi.png,HP
../MHIST/images/MHIST_czn.png,SSA
../MHIST/images/MHIST_akr.png,SSA
../MHIST/images/MHIST_dkx.png,SSA
../MHIST/images/MHIST_bgo.png,HP
../MHIST/images/MHIST_des.png,HP
../MHIST/images/MHIST_dfq.png,HP
../MHIST/images/MHIST_brn.png,HP
../MHIST/images/MHIST_dti.png,HP
../MHIST/images/MHIST_efx.png,HP
../MHIST/images/MHIST_azw.png,HP
../MHIST/images/MHIST_axa.png,SSA
../MHIST/images/MHIST_cod.png,SSA
../MHIST/images/MHIST_dwm.png,HP
../MHIST/images/MHIST_axs.png,HP
../MHIST/images/MHIST_ecb.png,HP
../MHIST/images/MHIST_cmm.png,HP
../MHIST/images/MHIST_cas.png,HP
../MHIST/images/MHIST_bds.png,HP
../MHIST/images/MHIST_dpn.png,SSA
../MHIST/images/MHIST_bto.png,HP
../MHIST/images/MHIST_ahu.png,SSA
../MHIST/images/MHIST_cbu.png,SSA
../MHIST/images/MHIST_ebo.png,HP
../MHIST/images/MHIST_bri.png,HP
../MHIST/images/MHIST_bjl.png,HP
../MHIST/images/MHIST_ajt.png,HP
../MHIST/images/MHIST_dbd.png,HP
../MHIST/images/MHIST_drk.png,HP
../MHIST/images/MHIST_dif.png,HP
../MHIST/images/MHIST_dqe.png,HP
../MHIST/images/MHIST_dtb.png,HP
../MHIST/images/MHIST_dyb.png,HP
../MHIST/images/MHIST_cbp.png,HP
../MHIST/images/MHIST_cgg.png,HP
../MHIST/images/MHIST_dei.png,SSA
../MHIST/images/MHIST_ddj.png,SSA
../MHIST/images/MHIST_ebx.png,HP
../MHIST/images/MHIST_ebm.png,HP
../MHIST/images/MHIST_cwc.png,HP
../MHIST/images/MHIST_cuk.png,HP
../MHIST/images/MHIST_aji.png,SSA
../MHIST/images/MHIST_ajr.png,SSA
../MHIST/images/MHIST_cfd.png,SSA
../MHIST/images/MHIST_afa.png,HP
../MHIST/images/MHIST_cdx.png,HP
../MHIST/images/MHIST_ecq.png,HP
../MHIST/images/MHIST_epb.png,HP
../MHIST/images/MHIST_cdd.png,SSA
../MHIST/images/MHIST_dvb.png,HP
../MHIST/images/MHIST_aul.png,HP
../MHIST/images/MHIST_eig.png,HP
../MHIST/images/MHIST_dox.png,HP
../MHIST/images/MHIST_avc.png,HP
../MHIST/images/MHIST_bxh.png,HP
../MHIST/images/MHIST_bnt.png,HP
../MHIST/images/MHIST_dqh.png,SSA
../MHIST/images/MHIST_ddx.png,HP
../MHIST/images/MHIST_dwp.png,SSA
../MHIST/images/MHIST_dvf.png,HP
../MHIST/images/MHIST_ecf.png,HP
../MHIST/images/MHIST_adp.png,HP
../MHIST/images/MHIST_dma.png,SSA
../MHIST/images/MHIST_adh.png,HP
../MHIST/images/MHIST_chp.png,SSA
../MHIST/images/MHIST_eot.png,HP
../MHIST/images/MHIST_chu.png,HP
../MHIST/images/MHIST_ecj.png,SSA
../MHIST/images/MHIST_ajx.png,SSA
../MHIST/images/MHIST_dtr.png,HP
../MHIST/images/MHIST_drv.png,SSA
../MHIST/images/MHIST_dgn.png,HP
../MHIST/images/MHIST_arm.png,HP
../MHIST/images/MHIST_dtl.png,SSA
../MHIST/images/MHIST_bbj.png,HP
../MHIST/images/MHIST_bwi.png,SSA
../MHIST/images/MHIST_bep.png,HP
../MHIST/images/MHIST_cqo.png,HP
../MHIST/images/MHIST_cvf.png,HP
../MHIST/images/MHIST_bed.png,HP
../MHIST/images/MHIST_awq.png,HP
../MHIST/images/MHIST_dim.png,HP
../MHIST/images/MHIST_arg.png,HP
../MHIST/images/MHIST_cej.png,HP
../MHIST/images/MHIST_cua.png,SSA
../MHIST/images/MHIST_bbp.png,HP
../MHIST/images/MHIST_anl.png,HP
../MHIST/images/MHIST_dmz.png,HP
../MHIST/images/MHIST_eea.png,HP
../MHIST/images/MHIST_egl.png,HP
../MHIST/images/MHIST_bpb.png,SSA
../MHIST/images/MHIST_amg.png,SSA
../MHIST/images/MHIST_dmw.png,SSA
../MHIST/images/MHIST_eqx.png,SSA
../MHIST/images/MHIST_cbd.png,HP
../MHIST/images/MHIST_cfa.png,HP
../MHIST/images/MHIST_bsw.png,SSA
../MHIST/images/MHIST_cxc.png,HP
../MHIST/images/MHIST_ecv.png,HP
../MHIST/images/MHIST_bqe.png,SSA
../MHIST/images/MHIST_bnu.png,HP
../MHIST/images/MHIST_ccb.png,HP
../MHIST/images/MHIST_ciq.png,HP
../MHIST/images/MHIST_dll.png,HP
../MHIST/images/MHIST_cfx.png,SSA
../MHIST/images/MHIST_bkb.png,SSA
../MHIST/images/MHIST_cgh.png,HP
../MHIST/images/MHIST_boq.png,HP
../MHIST/images/MHIST_dem.png,HP
../MHIST/images/MHIST_aiz.png,HP
../MHIST/images/MHIST_bwy.png,HP
../MHIST/images/MHIST_eaj.png,SSA
../MHIST/images/MHIST_ejj.png,HP
../MHIST/images/MHIST_dpj.png,SSA
../MHIST/images/MHIST_afu.png,HP
../MHIST/images/MHIST_egv.png,HP
../MHIST/images/MHIST_boy.png,SSA
../MHIST/images/MHIST_eni.png,HP
../MHIST/images/MHIST_clc.png,SSA
../MHIST/images/MHIST_cab.png,SSA
../MHIST/images/MHIST_ejp.png,HP
../MHIST/images/MHIST_btq.png,HP
../MHIST/images/MHIST_eqh.png,HP
../MHIST/images/MHIST_cob.png,HP
../MHIST/images/MHIST_bbx.png,SSA
../MHIST/images/MHIST_aqb.png,SSA
../MHIST/images/MHIST_cxh.png,HP
../MHIST/images/MHIST_bme.png,HP
../MHIST/images/MHIST_caz.png,HP
../MHIST/images/MHIST_eba.png,HP
../MHIST/images/MHIST_bir.png,HP
../MHIST/images/MHIST_bul.png,HP
../MHIST/images/MHIST_cfi.png,SSA
../MHIST/images/MHIST_bus.png,HP
../MHIST/images/MHIST_bgv.png,SSA
../MHIST/images/MHIST_drx.png,HP
../MHIST/images/MHIST_eln.png,HP
../MHIST/images/MHIST_eeh.png,SSA
../MHIST/images/MHIST_bwk.png,HP
../MHIST/images/MHIST_ccc.png,SSA
../MHIST/images/MHIST_dbt.png,HP
../MHIST/images/MHIST_cbs.png,HP
../MHIST/images/MHIST_cvy.png,HP
../MHIST/images/MHIST_dia.png,SSA
../MHIST/images/MHIST_cpx.png,SSA
../MHIST/images/MHIST_bpl.png,SSA
../MHIST/images/MHIST_dzj.png,HP
../MHIST/images/MHIST_axk.png,HP
../MHIST/images/MHIST_dfo.png,HP
../MHIST/images/MHIST_bhr.png,HP
../MHIST/images/MHIST_dro.png,HP
../MHIST/images/MHIST_bkl.png,SSA
../MHIST/images/MHIST_ekr.png,HP
../MHIST/images/MHIST_dmy.png,HP
../MHIST/images/MHIST_ajv.png,HP
../MHIST/images/MHIST_emm.png,HP
../MHIST/images/MHIST_aog.png,SSA
../MHIST/images/MHIST_cme.png,HP
../MHIST/images/MHIST_cmr.png,HP
../MHIST/images/MHIST_blf.png,SSA
../MHIST/images/MHIST_bqa.png,HP
../MHIST/images/MHIST_brg.png,HP
../MHIST/images/MHIST_cqe.png,HP
../MHIST/images/MHIST_aqt.png,HP
../MHIST/images/MHIST_blb.png,HP
../MHIST/images/MHIST_ccs.png,SSA
../MHIST/images/MHIST_cjo.png,SSA
../MHIST/images/MHIST_dlr.png,HP
../MHIST/images/MHIST_dvc.png,HP
../MHIST/images/MHIST_dtt.png,SSA
../MHIST/images/MHIST_dyw.png,SSA
../MHIST/images/MHIST_dsi.png,SSA
../MHIST/images/MHIST_amj.png,SSA
../MHIST/images/MHIST_aft.png,SSA
../MHIST/images/MHIST_dwu.png,SSA
../MHIST/images/MHIST_emo.png,HP
../MHIST/images/MHIST_czk.png,HP
../MHIST/images/MHIST_efc.png,HP
../MHIST/images/MHIST_bnh.png,HP
../MHIST/images/MHIST_cma.png,SSA
../MHIST/images/MHIST_cna.png,HP
../MHIST/images/MHIST_bpj.png,SSA
../MHIST/images/MHIST_clu.png,HP
../MHIST/images/MHIST_acn.png,HP
../MHIST/images/MHIST_dps.png,HP
../MHIST/images/MHIST_bvt.png,HP
../MHIST/images/MHIST_bti.png,HP
../MHIST/images/MHIST_cgt.png,SSA
../MHIST/images/MHIST_cso.png,SSA
../MHIST/images/MHIST_abw.png,HP
../MHIST/images/MHIST_efj.png,HP
../MHIST/images/MHIST_bwd.png,HP
../MHIST/images/MHIST_ahs.png,HP
../MHIST/images/MHIST_cnj.png,HP
../MHIST/images/MHIST_bvf.png,HP
../MHIST/images/MHIST_bdy.png,HP
../MHIST/images/MHIST_eoh.png,SSA
../MHIST/images/MHIST_czs.png,SSA
../MHIST/images/MHIST_cgx.png,SSA
../MHIST/images/MHIST_edw.png,HP
../MHIST/images/MHIST_dpl.png,SSA
../MHIST/images/MHIST_aii.png,HP
../MHIST/images/MHIST_bdw.png,HP
../MHIST/images/MHIST_cwl.png,HP
../MHIST/images/MHIST_dao.png,SSA
../MHIST/images/MHIST_bks.png,SSA
../MHIST/images/MHIST_aem.png,HP
../MHIST/images/MHIST_ahn.png,HP
../MHIST/images/MHIST_arb.png,HP
../MHIST/images/MHIST_efl.png,SSA
../MHIST/images/MHIST_det.png,HP
../MHIST/images/MHIST_akm.png,SSA
../MHIST/images/MHIST_ccm.png,SSA
../MHIST/images/MHIST_bfg.png,SSA
../MHIST/images/MHIST_apq.png,HP
../MHIST/images/MHIST_elv.png,SSA
../MHIST/images/MHIST_cnd.png,HP
../MHIST/images/MHIST_bff.png,SSA
../MHIST/images/MHIST_crj.png,HP
../MHIST/images/MHIST_btt.png,SSA
../MHIST/images/MHIST_bca.png,HP
../MHIST/images/MHIST_awj.png,SSA
../MHIST/images/MHIST_anq.png,HP
../MHIST/images/MHIST_bqd.png,HP
../MHIST/images/MHIST_dge.png,HP
../MHIST/images/MHIST_bxa.png,HP
../MHIST/images/MHIST_atk.png,SSA
../MHIST/images/MHIST_cmp.png,SSA
../MHIST/images/MHIST_bgt.png,HP
../MHIST/images/MHIST_ehv.png,HP
../MHIST/images/MHIST_axu.png,HP
../MHIST/images/MHIST_cvu.png,SSA
../MHIST/images/MHIST_cjc.png,SSA
../MHIST/images/MHIST_amn.png,HP
../MHIST/images/MHIST_bio.png,SSA
../MHIST/images/MHIST_dqo.png,HP
../MHIST/images/MHIST_bzz.png,HP
../MHIST/images/MHIST_ctp.png,HP
../MHIST/images/MHIST_bun.png,HP
../MHIST/images/MHIST_cbk.png,HP
../MHIST/images/MHIST_daf.png,SSA
../MHIST/images/MHIST_dos.png,HP
../MHIST/images/MHIST_dok.png,SSA
../MHIST/images/MHIST_bok.png,SSA
../MHIST/images/MHIST_cky.png,HP
../MHIST/images/MHIST_bky.png,SSA
../MHIST/images/MHIST_cgj.png,HP
../MHIST/images/MHIST_aqg.png,HP
../MHIST/images/MHIST_edp.png,SSA
../MHIST/images/MHIST_but.png,HP
../MHIST/images/MHIST_anh.png,SSA
../MHIST/images/MHIST_ejz.png,HP
../MHIST/images/MHIST_edt.png,HP
../MHIST/images/MHIST_bvq.png,SSA
../MHIST/images/MHIST_djs.png,HP
../MHIST/images/MHIST_amt.png,HP
../MHIST/images/MHIST_eik.png,HP
../MHIST/images/MHIST_ckt.png,HP
../MHIST/images/MHIST_dlc.png,HP
../MHIST/images/MHIST_dig.png,HP
../MHIST/images/MHIST_bmu.png,HP
../MHIST/images/MHIST_cfp.png,HP
../MHIST/images/MHIST_edv.png,HP
../MHIST/images/MHIST_ear.png,HP
../MHIST/images/MHIST_bpm.png,HP
../MHIST/images/MHIST_cue.png,HP
../MHIST/images/MHIST_dmj.png,SSA
../MHIST/images/MHIST_dsd.png,SSA
../MHIST/images/MHIST_dtn.png,SSA
../MHIST/images/MHIST_baa.png,HP
../MHIST/images/MHIST_blq.png,HP
../MHIST/images/MHIST_dvu.png,HP
../MHIST/images/MHIST_bni.png,SSA
../MHIST/images/MHIST_cmq.png,HP
../MHIST/images/MHIST_cbe.png,SSA
../MHIST/images/MHIST_dez.png,HP
../MHIST/images/MHIST_amd.png,HP
../MHIST/images/MHIST_anz.png,SSA
../MHIST/images/MHIST_clp.png,HP
../MHIST/images/MHIST_bxw.png,HP
../MHIST/images/MHIST_bjw.png,HP
../MHIST/images/MHIST_deo.png,HP
../MHIST/images/MHIST_dhn.png,HP
../MHIST/images/MHIST_eqm.png,SSA
../MHIST/images/MHIST_buz.png,HP
../MHIST/images/MHIST_aij.png,SSA
../MHIST/images/MHIST_ava.png,HP
../MHIST/images/MHIST_auv.png,SSA
../MHIST/images/MHIST_czd.png,HP
../MHIST/images/MHIST_azk.png,HP
../MHIST/images/MHIST_bhc.png,HP
../MHIST/images/MHIST_bcs.png,HP
../MHIST/images/MHIST_cea.png,HP
../MHIST/images/MHIST_ekx.png,SSA
../MHIST/images/MHIST_cfy.png,SSA
../MHIST/images/MHIST_bew.png,SSA
../MHIST/images/MHIST_awb.png,HP
../MHIST/images/MHIST_dxz.png,HP
../MHIST/images/MHIST_dfj.png,HP
../MHIST/images/MHIST_dwc.png,SSA
../MHIST/images/MHIST_cep.png,HP
../MHIST/images/MHIST_dvk.png,SSA
../MHIST/images/MHIST_dsv.png,HP
../MHIST/images/MHIST_eeu.png,HP
../MHIST/images/MHIST_ema.png,SSA
../MHIST/images/MHIST_drh.png,SSA
../MHIST/images/MHIST_ako.png,HP
../MHIST/images/MHIST_dcc.png,SSA
../MHIST/images/MHIST_ehu.png,HP
../MHIST/images/MHIST_bat.png,HP
../MHIST/images/MHIST_ahe.png,HP
../MHIST/images/MHIST_dqb.png,HP
../MHIST/images/MHIST_dse.png,SSA
../MHIST/images/MHIST_dbp.png,HP
../MHIST/images/MHIST_aew.png,HP
../MHIST/images/MHIST_app.png,HP
../MHIST/images/MHIST_aoi.png,SSA
../MHIST/images/MHIST_cwo.png,HP
../MHIST/images/MHIST_bad.png,HP
../MHIST/images/MHIST_dni.png,SSA
../MHIST/images/MHIST_eaq.png,HP
../MHIST/images/MHIST_ego.png,HP
../MHIST/images/MHIST_cdl.png,HP
../MHIST/images/MHIST_buy.png,HP
../MHIST/images/MHIST_byw.png,SSA
../MHIST/images/MHIST_dku.png,HP
../MHIST/images/MHIST_cdy.png,SSA
../MHIST/images/MHIST_ejb.png,HP
../MHIST/images/MHIST_aik.png,HP
../MHIST/images/MHIST_awi.png,HP
../MHIST/images/MHIST_dqi.png,HP
../MHIST/images/MHIST_eqf.png,HP
../MHIST/images/MHIST_aql.png,HP
../MHIST/images/MHIST_daz.png,HP
../MHIST/images/MHIST_bhs.png,SSA
../MHIST/images/MHIST_bjz.png,HP
../MHIST/images/MHIST_ajw.png,SSA
../MHIST/images/MHIST_eic.png,SSA
../MHIST/images/MHIST_blu.png,SSA
../MHIST/images/MHIST_axv.png,SSA
../MHIST/images/MHIST_adr.png,SSA
../MHIST/images/MHIST_acv.png,SSA
../MHIST/images/MHIST_aam.png,HP
../MHIST/images/MHIST_bcm.png,HP
../MHIST/images/MHIST_dxm.png,SSA
../MHIST/images/MHIST_bqm.png,HP
../MHIST/images/MHIST_dhe.png,HP
../MHIST/images/MHIST_cho.png,HP
../MHIST/images/MHIST_dga.png,HP
../MHIST/images/MHIST_edu.png,HP
../MHIST/images/MHIST_azj.png,SSA
../MHIST/images/MHIST_aka.png,HP
../MHIST/images/MHIST_bey.png,HP
../MHIST/images/MHIST_bmi.png,HP
../MHIST/images/MHIST_dlm.png,SSA
../MHIST/images/MHIST_arn.png,SSA
../MHIST/images/MHIST_blx.png,HP
../MHIST/images/MHIST_bdn.png,HP
../MHIST/images/MHIST_cxw.png,SSA
../MHIST/images/MHIST_eat.png,HP
../MHIST/images/MHIST_eon.png,HP
../MHIST/images/MHIST_att.png,HP
../MHIST/images/MHIST_cet.png,HP
../MHIST/images/MHIST_aiv.png,HP
../MHIST/images/MHIST_azy.png,HP
../MHIST/images/MHIST_ahc.png,SSA
../MHIST/images/MHIST_bfh.png,HP
../MHIST/images/MHIST_dee.png,HP
../MHIST/images/MHIST_aon.png,HP
../MHIST/images/MHIST_bwe.png,HP
../MHIST/images/MHIST_beg.png,HP
../MHIST/images/MHIST_cwa.png,HP
../MHIST/images/MHIST_bxj.png,HP
../MHIST/images/MHIST_cfv.png,HP
../MHIST/images/MHIST_egc.png,HP
../MHIST/images/MHIST_dsr.png,HP
../MHIST/images/MHIST_ajg.png,HP
../MHIST/images/MHIST_cic.png,SSA
../MHIST/images/MHIST_clr.png,HP
../MHIST/images/MHIST_axr.png,HP
../MHIST/images/MHIST_elw.png,SSA
../MHIST/images/MHIST_ahj.png,HP
../MHIST/images/MHIST_egq.png,HP
../MHIST/images/MHIST_avv.png,SSA
../MHIST/images/MHIST_dyt.png,HP
../MHIST/images/MHIST_ees.png,HP
../MHIST/images/MHIST_anf.png,HP
../MHIST/images/MHIST_eiq.png,SSA
../MHIST/images/MHIST_dgi.png,SSA
../MHIST/images/MHIST_dpw.png,HP
../MHIST/images/MHIST_egd.png,SSA
../MHIST/images/MHIST_elf.png,SSA
../MHIST/images/MHIST_ats.png,HP
../MHIST/images/MHIST_ahf.png,HP
../MHIST/images/MHIST_ayw.png,SSA
../MHIST/images/MHIST_avy.png,HP
../MHIST/images/MHIST_ajs.png,HP
../MHIST/images/MHIST_aoa.png,HP
../MHIST/images/MHIST_boh.png,HP
../MHIST/images/MHIST_buc.png,HP
../MHIST/images/MHIST_dlz.png,HP
../MHIST/images/MHIST_cks.png,SSA
../MHIST/images/MHIST_ddc.png,HP
../MHIST/images/MHIST_cog.png,HP
../MHIST/images/MHIST_dkf.png,SSA
../MHIST/images/MHIST_css.png,SSA
../MHIST/images/MHIST_alk.png,HP
../MHIST/images/MHIST_dnl.png,HP
../MHIST/images/MHIST_awa.png,HP
../MHIST/images/MHIST_bvd.png,HP
../MHIST/images/MHIST_dew.png,SSA
../MHIST/images/MHIST_chq.png,HP
../MHIST/images/MHIST_dpb.png,SSA
../MHIST/images/MHIST_del.png,HP
../MHIST/images/MHIST_dsj.png,HP
../MHIST/images/MHIST_eju.png,HP
../MHIST/images/MHIST_bpt.png,HP
../MHIST/images/MHIST_ayi.png,HP
../MHIST/images/MHIST_eox.png,SSA
../MHIST/images/MHIST_eqa.png,SSA
../MHIST/images/MHIST_cvs.png,HP
../MHIST/images/MHIST_chf.png,SSA
../MHIST/images/MHIST_eiz.png,HP
../MHIST/images/MHIST_aeu.png,HP
../MHIST/images/MHIST_aup.png,HP
../MHIST/images/MHIST_aoc.png,SSA
../MHIST/images/MHIST_daj.png,HP
../MHIST/images/MHIST_aea.png,HP
../MHIST/images/MHIST_dmk.png,HP
../MHIST/images/MHIST_dsx.png,HP
../MHIST/images/MHIST_btd.png,HP
../MHIST/images/MHIST_ayt.png,HP
../MHIST/images/MHIST_aeh.png,SSA
../MHIST/images/MHIST_ccq.png,HP
../MHIST/images/MHIST_dbn.png,HP
../MHIST/images/MHIST_ddp.png,HP
../MHIST/images/MHIST_cow.png,HP
../MHIST/images/MHIST_dyz.png,SSA
../MHIST/images/MHIST_bpy.png,HP
../MHIST/images/MHIST_dml.png,HP
../MHIST/images/MHIST_alp.png,HP
../MHIST/images/MHIST_dcq.png,HP
../MHIST/images/MHIST_aym.png,HP
../MHIST/images/MHIST_arc.png,HP
../MHIST/images/MHIST_buf.png,SSA
../MHIST/images/MHIST_avl.png,HP
../MHIST/images/MHIST_cgn.png,HP
../MHIST/images/MHIST_aeg.png,HP
../MHIST/images/MHIST_cjw.png,HP
../MHIST/images/MHIST_ckb.png,HP
../MHIST/images/MHIST_cbf.png,HP
../MHIST/images/MHIST_dki.png,SSA
../MHIST/images/MHIST_diu.png,SSA
../MHIST/images/MHIST_ebq.png,HP
../MHIST/images/MHIST_dfk.png,SSA
../MHIST/images/MHIST_biv.png,HP
../MHIST/images/MHIST_cle.png,HP
../MHIST/images/MHIST_cis.png,HP
../MHIST/images/MHIST_ecw.png,HP
../MHIST/images/MHIST_csg.png,HP
../MHIST/images/MHIST_axd.png,SSA
../MHIST/images/MHIST_dgt.png,HP
../MHIST/images/MHIST_azi.png,HP
../MHIST/images/MHIST_eal.png,HP
../MHIST/images/MHIST_cnc.png,SSA
../MHIST/images/MHIST_dwb.png,HP
../MHIST/images/MHIST_dhj.png,HP
../MHIST/images/MHIST_alw.png,SSA
../MHIST/images/MHIST_akz.png,HP
../MHIST/images/MHIST_bby.png,HP
../MHIST/images/MHIST_ehl.png,HP
../MHIST/images/MHIST_bbk.png,HP
../MHIST/images/MHIST_ccu.png,SSA
../MHIST/images/MHIST_eer.png,HP
../MHIST/images/MHIST_bgp.png,SSA
../MHIST/images/MHIST_afq.png,SSA
../MHIST/images/MHIST_bmm.png,HP
../MHIST/images/MHIST_cyg.png,HP
../MHIST/images/MHIST_alx.png,HP
../MHIST/images/MHIST_cbm.png,HP
../MHIST/images/MHIST_cny.png,SSA
../MHIST/images/MHIST_cye.png,SSA
../MHIST/images/MHIST_dpe.png,HP
../MHIST/images/MHIST_dxa.png,SSA
../MHIST/images/MHIST_cvj.png,HP
../MHIST/images/MHIST_ehe.png,HP
../MHIST/images/MHIST_amk.png,HP
../MHIST/images/MHIST_ace.png,SSA
../MHIST/images/MHIST_dua.png,SSA
../MHIST/images/MHIST_eij.png,HP
../MHIST/images/MHIST_dny.png,HP
../MHIST/images/MHIST_chw.png,HP
../MHIST/images/MHIST_akh.png,HP
../MHIST/images/MHIST_dht.png,SSA
../MHIST/images/MHIST_dup.png,SSA
../MHIST/images/MHIST_dgf.png,HP
../MHIST/images/MHIST_cwr.png,SSA
../MHIST/images/MHIST_emg.png,SSA
../MHIST/images/MHIST_bgg.png,HP
../MHIST/images/MHIST_cbv.png,SSA
../MHIST/images/MHIST_dam.png,SSA
../MHIST/images/MHIST_epv.png,HP
../MHIST/images/MHIST_dcx.png,SSA
../MHIST/images/MHIST_all.png,HP
../MHIST/images/MHIST_cvk.png,HP
../MHIST/images/MHIST_bfs.png,HP
../MHIST/images/MHIST_bpi.png,HP
../MHIST/images/MHIST_cvc.png,HP
../MHIST/images/MHIST_cmz.png,SSA
../MHIST/images/MHIST_dgh.png,HP
../MHIST/images/MHIST_bak.png,HP
../MHIST/images/MHIST_dhu.png,SSA
../MHIST/images/MHIST_anj.png,HP
../MHIST/images/MHIST_dsp.png,HP
../MHIST/images/MHIST_axw.png,HP
../MHIST/images/MHIST_dgw.png,HP
../MHIST/images/MHIST_cyp.png,HP
../MHIST/images/MHIST_ehr.png,SSA
../MHIST/images/MHIST_eex.png,SSA
../MHIST/images/MHIST_drd.png,HP
../MHIST/images/MHIST_dbx.png,HP
../MHIST/images/MHIST_cyq.png,HP
../MHIST/images/MHIST_bzy.png,HP
../MHIST/images/MHIST_atm.png,HP
../MHIST/images/MHIST_dyl.png,HP
../MHIST/images/MHIST_bef.png,HP
../MHIST/images/MHIST_dmt.png,HP
../MHIST/images/MHIST_ayr.png,HP
../MHIST/images/MHIST_apv.png,SSA
../MHIST/images/MHIST_aue.png,HP
../MHIST/images/MHIST_eku.png,HP
../MHIST/images/MHIST_emj.png,HP
../MHIST/images/MHIST_aww.png,SSA
../MHIST/images/MHIST_aqf.png,SSA
../MHIST/images/MHIST_arr.png,HP
../MHIST/images/MHIST_btn.png,HP
../MHIST/images/MHIST_ckd.png,HP
../MHIST/images/MHIST_ebf.png,HP
../MHIST/images/MHIST_ahl.png,SSA
../MHIST/images/MHIST_dry.png,HP
../MHIST/images/MHIST_akq.png,SSA
../MHIST/images/MHIST_avk.png,HP
../MHIST/images/MHIST_aex.png,HP
../MHIST/images/MHIST_eil.png,SSA
../MHIST/images/MHIST_cwj.png,HP
../MHIST/images/MHIST_cge.png,HP
../MHIST/images/MHIST_dmm.png,HP
../MHIST/images/MHIST_aer.png,HP
../MHIST/images/MHIST_bye.png,HP
../MHIST/images/MHIST_bpw.png,HP
../MHIST/images/MHIST_emi.png,HP
../MHIST/images/MHIST_bvr.png,HP
../MHIST/images/MHIST_atx.png,HP
../MHIST/images/MHIST_bpe.png,HP
../MHIST/images/MHIST_chk.png,HP
../MHIST/images/MHIST_bsk.png,SSA
../MHIST/images/MHIST_drj.png,HP
../MHIST/images/MHIST_ecy.png,SSA
../MHIST/images/MHIST_bay.png,HP
../MHIST/images/MHIST_cor.png,SSA
../MHIST/images/MHIST_bpp.png,SSA
../MHIST/images/MHIST_cfj.png,HP
../MHIST/images/MHIST_bqz.png,SSA
../MHIST/images/MHIST_cca.png,HP
../MHIST/images/MHIST_cne.png,SSA
../MHIST/images/MHIST_axq.png,HP
../MHIST/images/MHIST_dra.png,HP
../MHIST/images/MHIST_dce.png,HP
../MHIST/images/MHIST_bqj.png,HP
../MHIST/images/MHIST_cwi.png,HP
../MHIST/images/MHIST_dkz.png,HP
../MHIST/images/MHIST_adg.png,HP
../MHIST/images/MHIST_bgu.png,HP
../MHIST/images/MHIST_avr.png,SSA
../MHIST/images/MHIST_byn.png,HP
../MHIST/images/MHIST_dil.png,HP
../MHIST/images/MHIST_afd.png,HP
../MHIST/images/MHIST_afj.png,HP
../MHIST/images/MHIST_dtg.png,SSA
../MHIST/images/MHIST_bum.png,SSA
../MHIST/images/MHIST_bhe.png,HP
../MHIST/images/MHIST_cyd.png,HP
../MHIST/images/MHIST_afp.png,HP
../MHIST/images/MHIST_dgs.png,SSA
../MHIST/images/MHIST_duk.png,HP
../MHIST/images/MHIST_dfu.png,HP
../MHIST/images/MHIST_cnq.png,HP
../MHIST/images/MHIST_chs.png,SSA
../MHIST/images/MHIST_czv.png,HP
../MHIST/images/MHIST_acx.png,HP
../MHIST/images/MHIST_ayk.png,HP
../MHIST/images/MHIST_eqw.png,SSA
../MHIST/images/MHIST_crq.png,HP
../MHIST/images/MHIST_asr.png,HP
../MHIST/images/MHIST_cxy.png,SSA
../MHIST/images/MHIST_com.png,HP
../MHIST/images/MHIST_bgm.png,HP
../MHIST/images/MHIST_biw.png,SSA
../MHIST/images/MHIST_asn.png,HP
../MHIST/images/MHIST_cdb.png,HP
../MHIST/images/MHIST_cpj.png,HP
../MHIST/images/MHIST_bzx.png,HP
../MHIST/images/MHIST_dag.png,HP
../MHIST/images/MHIST_dae.png,SSA
../MHIST/images/MHIST_ctl.png,HP
../MHIST/images/MHIST_dnb.png,HP
../MHIST/images/MHIST_bfn.png,HP
../MHIST/images/MHIST_crc.png,SSA
../MHIST/images/MHIST_dgc.png,SSA
../MHIST/images/MHIST_dav.png,SSA
../MHIST/images/MHIST_eoo.png,HP
../MHIST/images/MHIST_byp.png,HP
../MHIST/images/MHIST_dvr.png,SSA
../MHIST/images/MHIST_aom.png,HP
../MHIST/images/MHIST_czy.png,HP
../MHIST/images/MHIST_acl.png,HP
../MHIST/images/MHIST_ckm.png,HP
